Timestamp_UTC,Session_ID,Config_Hash,Log_Level,Source_Module,Event_ID,User_ID,Action_Performed,Status,Error_Code,Details
2025-11-13T08:03:56.572Z,492360e0-a89d-4c64-9ad9-de782038f1b8,00ada63abc26b416c1392f64688a5693b388db6bcce4b1cfae6fc42a4c461447,INFO,nix_runner_v10.py,EVT-SWEEP-START,NODE_BIO_01,Multi-Sweep Init,PENDING,,"Scan Beta_X, Dt_g. Session: 492360e0-a89d-4c64-9ad9-de782038f1b8"
2025-11-13T08:03:57.185Z,492360e0-a89d-4c64-9ad9-de782038f1b8,00ada63abc26b416c1392f64688a5693b388db6bcce4b1cfae6fc42a4c461447,INFO,nix_runner_v10.py,EVT-SWEEP-END,NODE_BIO_01,Multi-Sweep End,SUCCESS,,Max Dev=0.026mm @ β=5 Δt_g=0.5
2025-11-13T08:05:24.516Z,7448b480-9031-4046-8751-874928d1756c,00ada63abc26b416c1392f64688a5693b388db6bcce4b1cfae6fc42a4c461447,INFO,nix_runner_v10.py,EVT-SWEEP-START,NODE_BIO_01,Multi-Sweep Init,PENDING,,"Scan Beta_X, Dt_g. Session: 7448b480-9031-4046-8751-874928d1756c"
2025-11-13T08:05:25.181Z,7448b480-9031-4046-8751-874928d1756c,00ada63abc26b416c1392f64688a5693b388db6bcce4b1cfae6fc42a4c461447,INFO,nix_runner_v10.py,EVT-SWEEP-END,NODE_BIO_01,Multi-Sweep End,SUCCESS,,Max Dev=0.026mm @ β=5 Δt_g=0.5
2025-11-13T08:07:37.812Z,9b278437-bc07-4b55-b0c9-ca6264c109bd,00ada63abc26b416c1392f64688a5693b388db6bcce4b1cfae6fc42a4c461447,INFO,nix_runner_v10.py,EVT-SWEEP-START,NODE_BIO_01,Multi-Sweep Init,PENDING,,"Scan Beta_X, Dt_g. Session: 9b278437-bc07-4b55-b0c9-ca6264c109bd"
2025-11-13T08:07:38.672Z,9b278437-bc07-4b55-b0c9-ca6264c109bd,00ada63abc26b416c1392f64688a5693b388db6bcce4b1cfae6fc42a4c461447,INFO,nix_runner_v10.py,EVT-SWEEP-END,NODE_BIO_01,Multi-Sweep End,SUCCESS,,Max Dev=0.026mm @ β=5 Δt_g=0.5
2025-11-13T08:09:35.636Z,fa434d53-2fe6-402b-8af9-9976f9084fef,00ada63abc26b416c1392f64688a5693b388db6bcce4b1cfae6fc42a4c461447,INFO,nix_runner_v10.py,EVT-SWEEP-START,NODE_BIO_01,Multi-Sweep Init,PENDING,,"Scan Beta_X, Dt_g. Session: fa434d53-2fe6-402b-8af9-9976f9084fef"
2025-11-13T08:09:36.245Z,fa434d53-2fe6-402b-8af9-9976f9084fef,00ada63abc26b416c1392f64688a5693b388db6bcce4b1cfae6fc42a4c461447,INFO,nix_runner_v10.py,EVT-SWEEP-END,NODE_BIO_01,Multi-Sweep End,SUCCESS,,Max Dev=0.026mm @ β=5 Δt_g=0.5
2025-11-13T08:11:03.977Z,ac6345fa-c8ac-4e96-90d2-c0afd216112c,00ada63abc26b416c1392f64688a5693b388db6bcce4b1cfae6fc42a4c461447,INFO,nix_runner_v10.py,EVT-SWEEP-START,NODE_BIO_01,Multi-Sweep Init,PENDING,,"Scan Beta_X, Dt_g. Session: ac6345fa-c8ac-4e96-90d2-c0afd216112c"
2025-11-13T08:11:04.686Z,ac6345fa-c8ac-4e96-90d2-c0afd216112c,00ada63abc26b416c1392f64688a5693b388db6bcce4b1cfae6fc42a4c461447,INFO,nix_runner_v10.py,EVT-SWEEP-END,NODE_BIO_01,Multi-Sweep End,SUCCESS,,Max Dev=0.026mm @ β=5 Δt_g=0.5
2025-11-13T08:19:52.559Z,83b712f6-94cb-4c1f-b7bb-72d43bc75f98,00ada63abc26b416c1392f64688a5693b388db6bcce4b1cfae6fc42a4c461447,INFO,nix_runner_v10.py,EVT-SWEEP-START,NODE_BIO_01,Multi-Sweep Init,PENDING,,"Scan Beta_X, Dt_g. Session: 83b712f6-94cb-4c1f-b7bb-72d43bc75f98"
2025-11-13T08:19:53.940Z,83b712f6-94cb-4c1f-b7bb-72d43bc75f98,00ada63abc26b416c1392f64688a5693b388db6bcce4b1cfae6fc42a4c461447,INFO,nix_runner_v10.py,EVT-SWEEP-END,NODE_BIO_01,Multi-Sweep End,SUCCESS,,Max Dev=0.026mm @ β=5 Δt_g=0.5
2025-11-13T08:24:42.170Z,b2cc06f6-5138-4441-a3c2-13ed152e5aaf,00ada63abc26b416c1392f64688a5693b388db6bcce4b1cfae6fc42a4c461447,INFO,nix_runner_v10.py,EVT-SWEEP-START,NODE_BIO_01,Multi-Sweep Init,PENDING,,"Scan Beta_X, Dt_g. Session: b2cc06f6-5138-4441-a3c2-13ed152e5aaf"
2025-11-13T08:24:43.000Z,b2cc06f6-5138-4441-a3c2-13ed152e5aaf,00ada63abc26b416c1392f64688a5693b388db6bcce4b1cfae6fc42a4c461447,INFO,nix_runner_v10.py,EVT-SWEEP-END,NODE_BIO_01,Multi-Sweep End,SUCCESS,,Max Dev=0.026mm @ β=5 Δt_g=0.5
2025-11-13T08:57:23.191Z,f77baec3-7590-44ab-886f-fcefb939ad24,00ada63abc26b416c1392f64688a5693b388db6bcce4b1cfae6fc42a4c461447,INFO,nix_runner_v10.py,EVT-SWEEP-START,NODE_BIO_01,Multi-Sweep Init,PENDING,,"Scan Beta_X, Dt_g. Session: f77baec3-7590-44ab-886f-fcefb939ad24"
2025-11-13T08:58:47.090Z,0ccc2f03-0151-4582-968a-3f5e4333e91f,00ada63abc26b416c1392f64688a5693b388db6bcce4b1cfae6fc42a4c461447,INFO,nix_runner_v10.py,EVT-SWEEP-START,NODE_BIO_01,Multi-Sweep Init,PENDING,,"Scan Beta_X, Dt_g. Session: 0ccc2f03-0151-4582-968a-3f5e4333e91f"
2025-11-13T09:05:36.300Z,d66b21ae-8e30-461f-863a-a1cc252b8d03,00ada63abc26b416c1392f64688a5693b388db6bcce4b1cfae6fc42a4c461447,INFO,nix_runner_v10.py,EVT-SWEEP-START,NODE_BIO_01,Multi-Sweep Init,PENDING,,"Scan Beta_X, Dt_g. Session: d66b21ae-8e30-461f-863a-a1cc252b8d03"
